Method,Data size,Data function,Noise mean,Noise std. deviation,Absolute error min,Absolute error max,Absolute error mean,Absolute error std. deviation,Relative error min,Relative error max,Relative error mean,Relative error std. deviation,Normalized error min,Normalized error max,Normalized error mean,Normalized error std. deviation,Time elapsed
fnn,10000000,sphere_func,0,0,0,0,0,0,0,0,0,0,0,0,0,0,0
fnn,10000000,sphere_func,0,5,0,0,0,0,0,0,0,0,0,0,0,0,0
fnn,10000000,rastrigin_func,0,0,0,0,0,0,0,0,0,0,0,0,0,0,0
fnn,10000000,rastrigin_func,0,5,0,0,0,0,0,0,0,0,0,0,0,0,0
fnn,10000000,rosenbrock_func,0,0,0,0,0,0,0,0,0,0,0,0,0,0,0
fnn,10000000,rosenbrock_func,0,5,0,0,0,0,0,0,0,0,0,0,0,0,0
16nn,1000,rastrigin_func,0,0,0.0005767127024978169,0.46439500528715794,0.12391135748137241,0.09442994351719156,0.0011510288135477152,10.456089513662093,0.4339866982864239,1.087814070396554,0.0005294037440081854,0.42629970422517804,0.11374664766643242,0.08668365622599049,0.06683635711669922
16nn,10000,rastrigin_func,0,0,4.198366782298679e-05,0.2754538266541439,0.07992821064796717,0.057871372331290014,0.0001449967572709653,5.338913862963166,0.20131416258771578,0.2671422932026019,4.685365324278905e-05,0.3074056829162104,0.08919965453723502,0.06458428604491803,0.16603565216064453
16nn,100000,rastrigin_func,0,0,2.6242136214049694e-06,0.2987184277503467,0.07659586403419495,0.055474327707900284,5.718676693188064e-06,444.6563219829005,0.239858675959214,3.6430275725597,2.8753552350797714e-06,0.32730627874224,0.0839262157774591,0.06078331325101619,1.5626552104949951
16nn,1000000,rastrigin_func,0,0,1.8436200055482743e-07,0.19276267536987748,0.0439237671488431,0.03197923030687056,3.195976636941553e-07,11.205831966094395,0.11392029340485976,0.14049128608028652,1.8425097540976028e-07,0.19264659123143216,0.04389731569678183,0.03195997200704049,18.180387020111084
16nn,10000000,rastrigin_func,0,0,5.424286531052758e-08,0.10460952163350945,0.018245786452848346,0.013415362315301726,1.2089187272254278e-07,5.0731964215965,0.045234399691518996,0.047787705583071445,5.460175405112807e-08,0.10530165283378701,0.018366506611782466,0.013504122790222717,191.8285677433014
16nn,1000,rastrigin_func,0.0,5.0,1.9762655811994545e-05,0.31820958666930715,0.09956181717887036,0.0746715228678658,3.9631685862989335e-05,2.159521808004694,0.2672995834764062,0.32924398991300147,2.5021471410962996e-05,0.4028847211268033,0.12605508014022365,0.0945415126603273,0.06920528411865234
16nn,10000,rastrigin_func,0.0,5.0,0.0001125464771298823,0.29925312553781863,0.07799190665002896,0.05606911354727316,0.00031055105774776013,3.577342316844534,0.20058120730639567,0.2231257110954999,0.00014252572303125133,0.378965820826346,0.09876677768468202,0.07100436328028484,0.15321755409240723
16nn,100000,rastrigin_func,0.0,5.0,1.012422915019906e-05,0.26789304267164793,0.06905107639975663,0.05008810278415193,2.8269501042778437e-05,4.783409830506847,0.18466812093648885,0.201612979450923,1.1660606333708357e-05,0.30854648425969305,0.07952975054901347,0.05768909809363941,1.472055196762085
16nn,1000000,rastrigin_func,0.0,5.0,4.0745313856227483e-07,0.17839351318322771,0.04004749342504717,0.029186995173385875,6.282428138921718e-07,1.9694771626441807,0.0952157906778517,0.09236192298156763,4.5049071926709847e-07,0.19723647816303178,0.04427754362514629,0.032269896104615066,16.865320444107056
16nn,10000000,rastrigin_func,0.0,5.0,4.2566052349535255e-09,0.09562076222580806,0.01747163946542121,0.012918735450076758,1.0085477568825094e-08,0.9333706578927303,0.040785173622985844,0.037346547426352246,4.7628247480011244e-09,0.10699252282359753,0.019549465416886323,0.014455104365621727,192.8655400276184
16nn,1000,rosenbrock_func,0,0,3.510580152307763e-05,0.5218582193780632,0.07185269508467185,0.07678312671879804,0.000246145212036112,6.603324887379799,0.6058449755696128,0.8355134341396242,3.7948868352183293e-05,0.5641212565012746,0.07767173367983923,0.08300145961929394,0.08721280097961426
16nn,10000,rosenbrock_func,0,0,5.565626631219263e-05,0.3473175363610843,0.0360091119673503,0.041286001557450935,0.0004204403845805882,5.177513843215621,0.2616368644735367,0.3494472730830766,5.564882887555624e-05,0.347271123758505,0.03600430001163829,0.041280484442471795,0.23323535919189453
16nn,100000,rosenbrock_func,0,0,1.0157662848364092e-07,0.21350070226715645,0.014175328110270249,0.018091591966159417,3.6475953759003023e-06,33.42141606207213,0.10454252067712436,0.3339241884954029,1.0509921794757258e-07,0.22090472163239278,0.014666916206808166,0.018718992699941473,1.5562894344329834
16nn,1000000,rosenbrock_func,0,0,1.348539585641767e-08,0.10764612942863938,0.005742783184657831,0.007617576297737816,4.440628903443935e-07,7.1663899971498335,0.044865774092219195,0.06059377325250352,1.52275519474794e-08,0.12155275568270482,0.006484683890526784,0.008601678439605293,17.13384222984314
16nn,10000000,rosenbrock_func,0,0,6.359819355178375e-11,0.07244454876837403,0.0028815220198102447,0.003781614049473531,3.659350170101292e-09,11.317869070079057,0.021737937966952996,0.02544058558481,6.548941271981961e-11,0.07459883195786275,0.002967209825904065,0.0038940678878149415,184.53551149368286
16nn,1000,rosenbrock_func,0.0,5.0,0.00019539084676923056,0.35909700332878436,0.06125192690594703,0.0639326911490647,0.0006361996554868495,11.776344552507966,0.6777712919763912,1.219435040415037,0.0001788750267297886,0.552125196252575,0.09472168781796916,0.0987455185070661,0.06472277641296387
16nn,10000,rosenbrock_func,0.0,5.0,3.481978240319969e-05,0.2836435713744678,0.03377766144596635,0.03739654179327443,0.0003612609933472565,393.3311009626132,0.5421304212903003,10.18017645889766,4.0512156652396934e-05,0.330013917488233,0.039299668676989516,0.04351016734808267,0.30614161491394043
16nn,100000,rosenbrock_func,0.0,5.0,3.9290804595970563e-07,0.22504581333788704,0.014799942046171837,0.01912004866295919,2.9466753007468597e-06,26.695997663658517,0.10250365953313592,0.2654931355437716,4.244826841400966e-07,0.24313080855044206,0.0159892860161005,0.020656562421667808,1.5867094993591309
16nn,1000000,rosenbrock_func,0.0,5.0,1.062795857431631e-07,0.13494517927534053,0.006056480287136735,0.008101676334387072,5.580378832049067e-07,16.650023746409914,0.0443249931646263,0.0709060763760526,1.0997688244923999e-07,0.13963970610612253,0.006267175543986576,0.008383520688741429,16.666048288345337
16nn,10000000,rosenbrock_func,0.0,5.0,1.7639282656051192e-10,0.08702830065703027,0.002946775392860691,0.0038642547701404706,2.296802799640172e-08,3.5192680432498937,0.02168809392902974,0.022592371420937445,1.7293582301993735e-10,0.08532269193490725,0.002889023537725569,0.0037885218580797015,186.30388259887695
16nn,1000,sphere_func,0,0,0.0008979346732166382,0.4218519513555532,0.07037244609079664,0.07000986523592559,0.0036529896643499636,1.35019821812401,0.19069427847286197,0.1804322795478388,0.000994614937065758,0.4672725806940098,0.07794941895831475,0.0775477991691413,0.05848503112792969
16nn,10000,sphere_func,0,0,1.0187647808440614e-05,0.19225014422377162,0.026908157614443366,0.025784901748501253,5.34457507127731e-05,31.84832709009286,0.10105428366575045,0.8291069746640451,1.1800708927592915e-05,0.22269006898656687,0.03116866049518873,0.029867553922363156,0.12887263298034668
16nn,10000000,sphere_func,0,0,1.124615234271431e-09,0.04598721210335843,0.0027443236102058922,0.0025486232424036144,2.325765526377879e-09,4.647162713019646,0.008821244797276456,0.0092215884498992,1.1373421402282584e-09,0.04650763447166761,0.0027753802306729057,0.0025774651852628256,124.8818097114563
16nn,100000,sphere_func,0,0,8.942688488056127e-07,0.13344794664717777,0.01175578608783221,0.011793773943486215,2.878285595498142e-06,3.1177627371729564,0.0362917086768733,0.04589925547681189,9.474607284150896e-07,0.14138554519113813,0.012455030346573751,0.012495277752526608,1.0000476837158203
16nn,1000000,sphere_func,0,0,2.010520918915848e-07,0.07007421039110151,0.0054014105043216154,0.005249005639853268,5.862556113769846e-07,2.7566713907826785,0.017228038566220634,0.018917691961724936,2.06718206258265e-07,0.07204906420383825,0.005553634782969648,0.005396934795859243,11.204059839248657
16nn,1000,sphere_func,0.0,5.0,0.0006611334502296895,0.26767330720448096,0.052776846201757224,0.0516749323198152,0.0022363985212597985,0.48549757491976725,0.13511795138389787,0.10223960011628075,0.0009159403146224209,0.37030782282421326,0.07300762135766649,0.07151434221075068,0.0849599838256836
16nn,10000,sphere_func,0.0,5.0,8.828903605373473e-06,0.19015700280008874,0.026947911798000053,0.025517462692847125,5.546214530938126e-05,0.35712172018166816,0.06462503642362562,0.05001585844942415,1.0963595825884995e-05,0.23613402245019355,0.03346349971757028,0.03168719016211758,0.1823558807373047
16nn,100000,sphere_func,0.0,5.0,1.3897083587788295e-06,0.12592424628559976,0.013303329004175652,0.011460770836560094,3.051936147857795e-06,0.21604383957941115,0.032630428112235384,0.025730530232813555,1.726272567374863e-06,0.15642100053366842,0.016525173623371477,0.01423637856903199,0.9924485683441162
16nn,1000000,sphere_func,0.0,5.0,1.750795246557857e-07,0.08366694910645134,0.00880392299306647,0.006833138826341845,3.5134094534368405e-07,0.265558694182039,0.023927671004833555,0.01983229088536345,2.2344840004606676e-07,0.10678145232189742,0.01123616545565297,0.008720916629403741,12.505545854568481
16nn,10000000,sphere_func,0.0,5.0,1.1673563449221547e-08,0.05492415070496548,0.00772325367496886,0.005851557216558134,2.091463864841021e-08,0.24493977970769992,0.02187292035777505,0.018719604670046464,1.5234286509812936e-08,0.07167736328219347,0.010079035402020915,0.007636425634158417,129.60819554328918
1nn,100000,rastrigin_func,0,0,1.2271210260872412e-05,0.3694093165638956,0.07755656434557671,0.05728387679089818,4.263928889399311e-05,3.1884201164534898,0.18470864750448396,0.1772896194200497,1.322101760140848e-05,0.39800206928149556,0.08355954144043333,0.06171772198739393,1.2040443420410156
1nn,10000,rastrigin_func,0,0,0.00030557612083004226,0.522246750581216,0.1164349078343345,0.08273370689552469,0.0006797872106673701,6.981171061728078,0.29904441786346514,0.3614559129359272,0.0003519686242441802,0.6015341441561776,0.134112031441233,0.09529432115160294,0.15248656272888184
1nn,1000,rastrigin_func,0,0,0.0004305480682612606,0.3890653779123269,0.13688904768981858,0.09793579770675999,0.0007040131034265458,37.37795150982437,0.5651990377485451,3.027611950317582,0.0005259728391647805,0.47529610867302463,0.16722853119453945,0.11964185505167443,0.06782674789428711
1nn,10000000,rastrigin_func,0,0,1.7034441635033204e-09,0.14628554490688953,0.026351876764401448,0.019680128351477137,2.4950461898905836e-09,3.0392767429579832,0.06400231919185516,0.05681461904032795,1.7263881472065996e-09,0.14825589018164526,0.026706814744751665,0.019945203399928443,121.15736627578735
1nn,1000000,rastrigin_func,0,0,2.8473987934152234e-07,0.2695496989698175,0.046219853429645574,0.03426510826379083,5.813619203930173e-07,5.7619728569720925,0.11373003459412015,0.10557684307179313,2.9137839589476395e-07,0.2758340668029096,0.04729743786492268,0.03506397594939154,14.356464862823486
1nn,100000,rastrigin_func,0.0,5.0,7.456281526208031e-06,0.37945223226854935,0.08133313605328352,0.05988439079446474,1.7675619074513203e-05,4.363546367398766,0.19510574535962427,0.18307656116402699,8.030101808876231e-06,0.40865410540250957,0.08759236901764303,0.06449297188576485,1.506474494934082
1nn,10000,rastrigin_func,0.0,5.0,7.966274676718399e-05,0.5448348772042174,0.11010466049314746,0.08315715413370327,0.00012009828588276168,4.047187045670781,0.26978057411832573,0.286950948349939,9.956788997471087e-05,0.6809714867903774,0.13761625309912878,0.10393543669279284,0.1598672866821289
1nn,1000,rastrigin_func,0.0,5.0,0.006019130277386098,0.4323790796724244,0.13489911163476953,0.09569766146664933,0.011051238716369148,9.882012152065782,0.34347376968985255,0.8089199614119191,0.0069300063818401245,0.497811086223123,0.15531341929011885,0.11017960637646376,0.07073688507080078
1nn,10000000,rastrigin_func,0.0,5.0,1.0216051476996668e-07,0.2158065920190433,0.03252878361771349,0.024489967543075256,2.090551443604157e-07,1.3570628050274842,0.0757748928113978,0.06375418115384403,1.165367773873256e-07,0.2461753920237108,0.03710630886770341,0.027936252104998276,132.32964873313904
1nn,1000000,rastrigin_func,0.0,5.0,3.7789394918830155e-07,0.24894335523201322,0.04796915338534131,0.03584743158411353,8.246596326164382e-07,2.3267476417721897,0.11638899896210894,0.10132792420216727,4.3236208734008583e-07,0.28482506515055295,0.05488323729493831,0.04101433849041385,12.976531267166138
1nn,1000,rosenbrock_func,0,0,8.74732051812507e-05,0.48055803401757446,0.07196870607402116,0.07458400211158257,0.002645519845461565,458.6891060686997,3.460073521385751,37.30342370364894,9.441919098459089e-05,0.5187177113159046,0.07768352593959142,0.08050649481949114,0.09730672836303711
1nn,1000000,rosenbrock_func,0,0,9.037364367275869e-09,0.1074268479687227,0.009633391320195642,0.009984850229657618,5.980194213178553e-07,2.640701509840199,0.0782908524881588,0.06993662487920947,9.533592476520158e-09,0.11332549490638755,0.010162346374585244,0.010533103365106215,16.133235216140747
1nn,10000000,rosenbrock_func,0,0,2.5849951068579458e-09,0.07776037429577054,0.0054023921683495,0.0055495047090951145,4.667182922876474e-08,3.125319517459198,0.04404694290871338,0.03902578708151167,2.630482115215144e-09,0.07912868899240835,0.005497455658821356,0.005647156873469131,176.83154892921448
1nn,100000,rosenbrock_func,0,0,4.135319842747719e-06,0.1743213565395405,0.019819645802781925,0.020328643065934824,6.954266093785871e-06,5.093414458252356,0.14247612986162153,0.14091050132719854,3.7955893305678388e-06,0.16000026748401555,0.0181913948631088,0.01865857627948691,1.2627391815185547
1nn,10000,rosenbrock_func,0,0,6.867796987219954e-07,0.3356674105346436,0.03431129593733551,0.03591781456376208,2.5692900065523096e-06,2.7265861711796764,0.25890237325402643,0.26800122255951203,7.925341945428096e-07,0.38735551056239215,0.03959475700871539,0.04144865709921353,0.1696929931640625
1nn,1000000,rosenbrock_func,0.0,5.0,5.211310025177163e-08,0.11667818230953819,0.01007570420013286,0.010377257987220124,9.9063633384994e-07,4.108337548367032,0.07860971657990148,0.07087411371480111,5.414217086283181e-08,0.1212211526861309,0.010468010840487273,0.010781305896546762,16.239996910095215
1nn,100000,rosenbrock_func,0.0,5.0,5.075465564080561e-07,0.22439549789567126,0.018111883754463994,0.018831825874934417,3.253851053577781e-05,7.348302246443472,0.1404475302492561,0.1445213922752689,5.487973522866302e-07,0.2426332196630579,0.019583925304739402,0.020362380649427296,1.5731987953186035
1nn,1000,rosenbrock_func,0.0,5.0,7.112801972711247e-05,0.4404678687418474,0.0804778574552397,0.08937335382324453,0.0005695408927861039,2.3966377286249267,0.4131350876544634,0.3989420892844851,7.561572049652002e-05,0.4682584356806684,0.08555547024704478,0.0950122127462946,0.06454610824584961
1nn,10000,rosenbrock_func,0.0,5.0,9.731829029215738e-07,0.3007474331517626,0.036064831798506725,0.036172514624414016,0.00011182784645007293,3.832163078150784,0.2585432191147401,0.2656733292628443,9.625418548977112e-07,0.29745897846393987,0.035670489063972084,0.035776994456409916,0.2257366180419922
1nn,10000000,rosenbrock_func,0.0,5.0,3.2528717913704597e-09,0.08064296182911179,0.005465224123829939,0.005612113116071236,4.88289102857724e-08,3.348422979024231,0.0439586423088006,0.038184554097530805,3.330298161158304e-09,0.08256246317556272,0.005595309934499664,0.005745695246965201,173.05355620384216
1nn,100000,sphere_func,0,0,1.5651204510191974e-07,0.09976080851069169,0.017776527317365405,0.013801195888785204,5.167971332062238e-07,1.737873839068795,0.058837813873327906,0.051774696079762025,1.7132494464193606e-07,0.1092025536079293,0.019458965963867123,0.015107393939545669,0.7103874683380127
1nn,1000000,sphere_func,0,0,1.6495312352149405e-07,0.06992176000539718,0.01001145289255946,0.007724569848313394,9.205926711529124e-07,1.6899627690079737,0.03310321031631165,0.028798566110607556,1.683148552878431e-07,0.07134676000995026,0.010215485520118878,0.007881995978150052,7.2630205154418945
1nn,10000000,sphere_func,0,0,1.5010647724800208e-09,0.03877696551294596,0.005545555215295455,0.0042682080342469845,4.6256149023659095e-09,0.6286887020737691,0.018513253936618124,0.01562857316625979,1.5001354371392522e-09,0.03875295801831973,0.005542121865489205,0.004265565512324745,90.43555021286011
1nn,10000,sphere_func,0,0,1.3175105029183953e-05,0.16262493418871582,0.034791718590586204,0.02654772077024483,1.977888015292268e-05,4.047853753296932,0.10815316027645003,0.1394028331556822,1.3998270320801876e-05,0.17278555158639672,0.03696546484278457,0.028206391593833945,0.18500661849975586
1nn,1000,sphere_func,0,0,0.0005716953254137347,0.2738721529638139,0.061980079323537815,0.05448957617246496,0.003193371518834109,0.8842484239722894,0.16938032165011993,0.14268241757546682,0.000741361239560998,0.3551510564749747,0.08037432945972288,0.07066081868893574,0.04703569412231445
1nn,100000,sphere_func,0.0,5.0,2.079587309689046e-06,0.21355739777688582,0.034974394623788825,0.026614276558461984,6.610969397126825e-06,0.9279246617718531,0.09029019467424444,0.07680837026960571,2.681804214283354e-06,0.27540037712341864,0.045102448191084006,0.03432136688950001,0.7141156196594238
1nn,10000000,sphere_func,0.0,5.0,2.052385816853075e-09,0.18654365242625612,0.030706895458498036,0.023208108474233408,4.9104731570883275e-09,0.8398758791307526,0.07988919783055246,0.06807521077291312,2.6244832084849588e-09,0.23854222701306624,0.03926636544346198,0.029677310421446633,88.73436164855957
1nn,1000,sphere_func,0.0,5.0,0.0024091372324380354,0.29725099756638806,0.07890310959636213,0.0569502171656875,0.004072575737565789,1.4979888917415414,0.21673804802174054,0.20033238741473328,0.0029415642776563482,0.36302058906560025,0.09636931154264496,0.0695597091725382,0.049590349197387695
1nn,10000,sphere_func,0.0,5.0,2.201242240384982e-05,0.23233817267685292,0.05054489080786605,0.038189327756198106,8.611130762854894e-05,0.7445385842748627,0.13075986162186323,0.10905668199786622,2.532399375310477e-05,0.2672913650997075,0.05814891589786593,0.04393456929865618,0.12239265441894531
1nn,1000000,sphere_func,0.0,5.0,2.5808562542639635e-07,0.19466513061903432,0.03215861918789658,0.024289448676912823,4.858932842172152e-07,0.9517932558913886,0.08991284844333257,0.07843287789934052,3.3448261665661563e-07,0.252288759413398,0.041678024788323394,0.031479468634402416,8.363439798355103
2nn,100000,rastrigin_func,0,0,2.406345249783559e-06,0.3117049650307334,0.07029867781044129,0.052393186382142146,8.801338696024729e-06,9.961470538069376,0.1783703866900943,0.2243563292305915,2.448701417880985e-06,0.31719155424598894,0.07153606575991925,0.05331540425996385,1.0875146389007568
2nn,1000,rastrigin_func,0,0,0.0005755107010515514,0.510046683353372,0.1202080061511667,0.09226180395671121,0.0014045442715054832,3.9096658628590015,0.35380000193439765,0.4633310766912234,0.0007450365380455078,0.6602890519895838,0.15561718762931573,0.11943898677843037,0.05654287338256836
2nn,10000,rastrigin_func,0,0,0.0003078577595568843,0.41677914313576003,0.10135317970838728,0.07376901158832873,0.0006193955106984104,2.5902077327255846,0.2618367019073306,0.26649347843366494,0.00033687634264902976,0.4560646242409504,0.11090670102048383,0.08072245721686364,0.14405107498168945
2nn,1000000,rastrigin_func,0,0,9.012019797638438e-07,0.21742379167438403,0.03821986092435498,0.02888258258177932,2.2157093623310434e-06,5.970947108590323,0.09276616201187395,0.09071865259916077,9.159476329830938e-07,0.2209813247309415,0.038845222195117164,0.029355165372752408,14.159908533096313
2nn,10000000,rastrigin_func,0,0,1.0439084208169191e-08,0.13634730764552713,0.020955058753135032,0.016178818226357316,2.449715666135217e-08,2.689654647739704,0.05072454668149241,0.04676007652126611,1.0624259109872574e-08,0.13876592012027114,0.0213267724846675,0.016465808063300887,136.9249484539032
2nn,1000,rastrigin_func,0.0,5.0,0.00043713781311971456,0.34342494907715426,0.10273745506608825,0.07943840868121033,0.0010148341611309047,3.380749394194406,0.2554718903811524,0.35053979293604864,0.0005629189683957682,0.4422413533073567,0.13229892378486802,0.10229585664688787,0.07296943664550781
2nn,10000,rastrigin_func,0.0,5.0,4.1396189460418675e-05,0.3847881224057827,0.10216921454978048,0.07519143328454617,6.47108475348302e-05,32.47078465220584,0.28185233566712714,0.8840939441832976,4.241411194336137e-05,0.394249971094553,0.1046815313091348,0.07704037279957589,0.1537942886352539
2nn,100000,rastrigin_func,0.0,5.0,1.0954096166804206e-06,0.30141932852117803,0.06775175720208183,0.050570074104913446,1.8074195391039353e-06,3.230138626714278,0.17065204016368415,0.17556498546918925,1.2248970922428005e-06,0.3370498610101967,0.07576063705069866,0.056547921236374324,1.5614063739776611
2nn,1000000,rastrigin_func,0.0,5.0,3.802332348978865e-08,0.22531580702819598,0.03919083866082539,0.029628964969746506,8.61206139904778e-08,1.9525384499890213,0.09261175057129224,0.08288471264596788,4.281042236817346e-08,0.253682844628071,0.0441249265462934,0.033359222400096256,12.684956789016724
2nn,10000000,rastrigin_func,0.0,5.0,5.846422301836185e-08,0.16017748723165992,0.024488462326416074,0.01862286744033007,1.1558175376231182e-07,0.9842238865693508,0.05663191962120143,0.048140944884951416,6.684771546117981e-08,0.18314617961117624,0.027999991741341552,0.021293298353276167,159.88579392433167
2nn,10000,rosenbrock_func,0,0,1.5912882086672239e-06,0.23908567890731885,0.026682607192253044,0.02849856402791791,0.00014684560482100583,6.14334371439246,0.21268504784303494,0.26296508610647346,2.0864536189837825e-06,0.31348260942696987,0.03498550547724282,0.037366538461119876,0.29813480377197266
2nn,1000,rosenbrock_func,0,0,3.428210645610441e-05,0.4362611508363914,0.07625141533894918,0.08393494004185496,0.00047887747346816816,5.006907584824292,0.46728803796317975,0.644042525960505,3.222383917040978e-05,0.41006841802005234,0.07167334794740689,0.07889556063743895,0.07914161682128906
2nn,100000,rosenbrock_func,0,0,2.0164565323558398e-06,0.1608662490807334,0.01621131516406833,0.017567339410955923,4.8540441047280795e-05,2.160275147987175,0.11368792537575581,0.10836726488313475,1.938619432869269e-06,0.1546566620984146,0.01558554330586739,0.01688922375435537,1.4608519077301025
2nn,1000000,rosenbrock_func,0,0,2.603338645525144e-08,0.11333383036647984,0.0076889539229034205,0.008299763780228469,7.369685503688975e-07,21.867198797245376,0.06185400168500253,0.08065519790567297,2.6702251313422837e-08,0.11624566884375194,0.007886502984911515,0.00851300612321987,17.317626237869263
2nn,10000000,rosenbrock_func,0,0,3.4672521613803714e-10,0.06622470004100278,0.004403852360755487,0.004717262538501404,8.460963698714484e-09,6.716827199538287,0.03454467694109086,0.033072131385658385,3.398992137610283e-10,0.06492092996932561,0.004317153426604284,0.0046243934773484785,172.13063049316406
2nn,1000,rosenbrock_func,0.0,5.0,0.00019166658000678796,0.24573300886113722,0.056994768867321834,0.05365552891174842,0.0012182567384742223,4.982386143470833,0.46366133085122263,0.6722051989338014,0.00023653475117438576,0.30970520282557246,0.07142097201997862,0.06737315102765119,0.07067179679870605
2nn,10000,rosenbrock_func,0.0,5.0,1.4876927936824207e-05,0.24617040530466117,0.03713669692616888,0.03953850234248168,5.1698211417640426e-05,57.32099212009954,0.25689893501997174,1.5005042893403362,1.578986265033638e-05,0.26127685129918016,0.0394156203647345,0.0419648145127105,0.2432711124420166
2nn,100000,rosenbrock_func,0.0,5.0,6.341050092885988e-07,0.1721154566098594,0.015176168450252134,0.01654976408110656,2.09598875413966e-05,4.655030158487483,0.11374857492289533,0.12683783744559934,6.063772680759145e-07,0.16458930121024304,0.014512554592571388,0.01582608650586279,1.5733039379119873
2nn,1000000,rosenbrock_func,0.0,5.0,4.722997372971077e-09,0.1359692350792722,0.008089990968860924,0.008724624740507347,2.2858591288650336e-06,2.83199310487509,0.06208429532863051,0.058384583966667826,4.740261222000859e-09,0.136466239875535,0.008119562101705073,0.008756515633613403,15.573643207550049
2nn,10000000,rosenbrock_func,0.0,5.0,1.8643869781342914e-09,0.08788822982390454,0.004292912165176723,0.004603800436012133,1.908003647542237e-08,2.5382962177859354,0.034450632539836434,0.03134104228790866,1.8494146025541806e-09,0.08718242378608754,0.004258436976268373,0.004566828589484417,171.2133469581604
2nn,100000,sphere_func,0,0,1.1255077148053516e-07,0.1013223631772181,0.014143609073565513,0.01187823132618497,2.29309311933302e-07,0.8447493644761563,0.04612476218071499,0.04161749671711706,1.1647837945079206e-07,0.10485814099504431,0.01463716901095911,0.012292737912106928,0.6989855766296387
2nn,1000,sphere_func,0,0,0.0008248303516367739,0.21106829328880788,0.05616300319909713,0.04406174311185783,0.0032345754403115172,1.885391451481158,0.16527736846494417,0.18021455137443482,0.000984719857275565,0.25198289470108964,0.06704993867482743,0.05260290592159002,0.05131030082702637
2nn,10000,sphere_func,0,0,9.06004020480855e-05,0.17595111861329774,0.027401308158513167,0.022985116619467838,0.00031865807501209537,4.17077637659152,0.09449213878390493,0.1474179850892583,9.770846200433592e-05,0.18975537413755975,0.029551079427376108,0.024788415317258082,0.10591983795166016
2nn,1000000,sphere_func,0,0,7.798723014595943e-08,0.06338389598129912,0.00782029291488648,0.0063990935152628565,2.0791714627408202e-07,233.85210653397365,0.027677944207508555,0.6042992553037365,7.94018758189223e-08,0.06453364516482131,0.007962148748368978,0.006515169569449024,8.122010231018066
2nn,10000000,sphere_func,0,0,2.9882223362420746e-09,0.03655895512109453,0.004312830904398898,0.0034923921041019714,1.0397985853006513e-08,1.063753237088832,0.014478109453982887,0.012813869312945727,2.9656681306676947e-09,0.036283019097397354,0.004280278950802401,0.0034660325763965086,103.56721615791321
2nn,10000,sphere_func,0.0,5.0,4.258796826894784e-05,0.16865354953128442,0.037436864585655545,0.028417454046538677,6.830715840902233e-05,0.8027746186199385,0.10391800131205062,0.09172899675463032,5.16981737369921e-05,0.20473107451303535,0.045445171680768774,0.0344963738862399,0.10400199890136719
2nn,1000,sphere_func,0.0,5.0,0.0010017613779131906,0.2889425305478115,0.06463713557671905,0.05443159047356337,0.0025311458648746986,0.7640175303543002,0.1636516780371973,0.13862881915790123,0.001154784660500192,0.3330797227756922,0.07451073110659957,0.06274624587388149,0.04881095886230469
2nn,100000,sphere_func,0.0,5.0,2.607541297883209e-07,0.13685460810403516,0.02711618288815528,0.020455553348424495,5.338714871287626e-07,0.5224871479872801,0.07271720309331121,0.06219800937055002,3.1941694265648527e-07,0.16764329118978452,0.03321660999839167,0.025057514203915117,0.6888730525970459
2nn,10000000,sphere_func,0.0,5.0,1.1959349066614777e-09,0.1321676989028094,0.021324186138274165,0.016114037736601895,4.403715335952076e-09,0.631608087626324,0.0569554067272212,0.04859081536647387,1.5871623879033253e-09,0.1754038613856171,0.028299990244283757,0.021385440353258976,99.03280878067017
2nn,1000000,sphere_func,0.0,5.0,3.416851735993376e-07,0.1510729140816464,0.023138217515978696,0.017479733261526933,7.770229271224574e-07,0.5724285028856597,0.06116527373080126,0.05232616802369015,4.2989890316796785e-07,0.19007579222107143,0.02911186993160299,0.02199252041767153,8.435611724853516
32nn,1000,rastrigin_func,0,0,0.00011551395168007961,0.35167057102178506,0.10092879820317957,0.07119199223783303,0.0002125173313899115,2.5708707815422764,0.2621414839729218,0.36522939433843327,0.0001461150452069175,0.4448325127435829,0.1276661017794667,0.0900516432249747,0.08525609970092773
32nn,10000,rastrigin_func,0,0,0.0001763942870588453,0.3226416754757865,0.09072511855237426,0.06284407397547541,0.00038751966117481494,32.39240089563715,0.282665063833214,0.9683618234231666,0.00019268898459427183,0.3524462037394899,0.0991059929578105,0.06864939337894749,0.16564106941223145
32nn,100000,rastrigin_func,0,0,1.9105536615549035e-05,0.31642635294226895,0.0803745625603455,0.058858057394349836,4.778560544500637e-05,9.34046575923726,0.20424072667816423,0.2625280971698097,2.1211659102209694e-05,0.35130800378066296,0.08923475198973273,0.06534634823348373,1.7554256916046143
32nn,1000000,rastrigin_func,0,0,6.312025346844052e-10,0.21458178954318324,0.052458459083971634,0.038102727275316,1.1664592663645093e-09,162.87669546401565,0.1382439005866625,0.5625496961298967,6.517461797562799e-10,0.22156574775156873,0.054165815923052474,0.039342850472549214,17.120306968688965
32nn,10000000,rastrigin_func,0,0,8.056939893030801e-09,0.10456653930880866,0.021767164778920295,0.01585575820824959,2.428929953920821e-08,9.005559593020978,0.054618649230709235,0.06098060601900475,8.094750411131484e-09,0.105057260982267,0.021869316189853102,0.015930167902338484,177.548663854599
32nn,1000,rastrigin_func,0.0,5.0,9.098655615163986e-05,0.34130474471043915,0.09529228853683472,0.07503921776720045,0.00018227421717139058,1.5940773329014968,0.21993550041703558,0.23038893626604878,0.00012456505144536735,0.46726291093541483,0.1304598099542827,0.10273236417491313,0.07683229446411133
32nn,10000,rastrigin_func,0.0,5.0,8.542597083704973e-05,0.2880672805737006,0.08302178910881834,0.05903454212479613,0.00019861167668297383,2.3856591539297187,0.18615574146997907,0.19401932004082836,0.00010037731600066318,0.33848512540471226,0.09755235180425939,0.06936683109072848,0.32770872116088867
32nn,100000,rastrigin_func,0.0,5.0,1.4756068290155966e-05,0.2767177196070579,0.07456670864957884,0.053568552600057565,2.132127980974933e-05,2.047356546386687,0.1691214343846637,0.1635326133089536,1.725768202567328e-05,0.3236300023790108,0.08720809108981507,0.06265009277329495,1.869159460067749
32nn,1000000,rastrigin_func,0.0,5.0,1.5189684082761445e-07,0.2019511785277311,0.04767077325847811,0.03448988210265235,3.2550002258885267e-07,2.425123891138582,0.11479937010198113,0.11301553110969173,1.7397924631147272e-07,0.23131036590710202,0.05460103816120547,0.03950394004837082,17.26658582687378
32nn,10000000,rastrigin_func,0.0,5.0,3.1478019635322596e-09,0.0996922869102892,0.019875898828962155,0.014513752709951196,1.1135568441063961e-08,1.1891716247960138,0.04789532531384815,0.045168941687108055,3.5434086131636706e-09,0.11222132529185783,0.022373844327196492,0.01633779918736034,203.386479139328
32nn,1000,rosenbrock_func,0,0,0.0016234297858994024,0.45707449696093494,0.07967572689964174,0.0723444637362777,0.007947549761467313,21.931274378285522,1.080619475568723,2.76575262844015,0.002280771726285467,0.6391995035224246,0.11112441535402459,0.10082792188874432,0.08647751808166504
32nn,10000,rosenbrock_func,0,0,8.539696741997546e-05,0.36641233327440675,0.037031198733095565,0.04104405978631693,0.0006951585095574069,8.678791331801905,0.35162020210616973,0.5663433836149714,8.740304751219134e-05,0.3750198109112791,0.03790110726513995,0.04200823537391268,0.20328259468078613
32nn,100000,rosenbrock_func,0,0,2.4170491730590715e-06,0.2656894675966717,0.016723152383479125,0.02211849523873961,1.125107432780443e-05,24.759380643808377,0.12876095369188453,0.43139753374812917,2.388990054020404e-06,0.26260512306545164,0.016529016108280413,0.021861725331955083,2.879206895828247
32nn,1000000,rosenbrock_func,0,0,3.7179427554885625e-08,0.14932401279470967,0.0065407958400005,0.009425856116418272,1.244545318544325e-06,12.322992018487549,0.047884526550730507,0.07928804766968345,3.961239093262019e-08,0.15909554179443886,0.006968815252522858,0.010042669344679704,21.110169887542725
32nn,10000000,rosenbrock_func,0,0,5.362341267637488e-10,0.08951101982586684,0.0028398328082658705,0.0042385758573760405,2.6162287023766734e-08,92.2961698793355,0.02120025233363351,0.090727860222971,5.718452391180474e-10,0.09545541393447075,0.00302842506704826,0.004520058130781843,211.18299674987793
32nn,1000,rosenbrock_func,0.0,5.0,0.00034640504312782037,0.6705045781992889,0.08611452585232247,0.09825964502492493,0.004188090084625206,3402.8109453656025,23.703135434777693,277.839658009637,0.0003581778545208637,0.6790077959516415,0.08884941515077613,0.10018636070077155,0.09436321258544922
32nn,10000,rosenbrock_func,0.0,5.0,1.4109317698185464e-05,0.3809040161654237,0.03872060552818983,0.042828647841399156,5.0397639170196045e-05,12.630996369673186,0.3488027035166886,0.6853199296246818,1.679675250736801e-05,0.4534556968276314,0.04609581001043532,0.050986320770827834,0.30555033683776855
32nn,100000,rosenbrock_func,0.0,5.0,1.4398601558083396e-06,0.19675934593510033,0.015418778445145952,0.019729623084945327,1.5094955683290654e-05,19.21064654318634,0.12478533050950305,0.3016733841596598,1.6394733409516745e-06,0.22403682812001108,0.01755634122444733,0.02246481433930186,1.6823277473449707
32nn,1000000,rosenbrock_func,0.0,5.0,3.111478109885102e-09,0.13722765196764,0.006548377216925002,0.009462018299144944,1.6623371926677535e-07,6.7904837517232846,0.04751548522963646,0.06411034913298157,3.2059874505429465e-09,0.14139586220388836,0.006747280372047406,0.009749421610099836,24.156303882598877
32nn,10000000,rosenbrock_func,0.0,5.0,5.332625677839653e-10,0.10922662060054922,0.0029103799403059393,0.004343952287284057,1.0546126485584837e-08,2.5721951730279042,0.020885379306019167,0.02313849360438424,5.251391963288983e-10,0.10756273405473901,0.0028660451252283917,0.004277779373330361,237.53164148330688
32nn,1000,sphere_func,0,0,4.325150512290987e-05,0.5189124539663119,0.08315461444436122,0.0780665681341952,0.00012984695283331865,2.252093932822085,0.2266602751802606,0.24942885768478756,4.2145138063649526e-05,0.5056387506795288,0.08102753179173915,0.07606963694838478,0.05373096466064453
32nn,10000,sphere_func,0,0,3.6962827441006096e-05,0.2576470271111986,0.032326315570417305,0.029975430388939038,0.00013299262064875542,14.18643092952021,0.12021100305379304,0.4331659014663741,3.9096659580775475e-05,0.2725207677102738,0.034192485879887706,0.03170588612502752,0.13184428215026855
32nn,100000,sphere_func,0,0,1.4265639397548213e-07,0.15219034116024055,0.012866395256419857,0.0139949239623175,4.0488984121144116e-07,1.568968735493254,0.03951959242683314,0.044402886864295554,1.5719779687574922e-07,0.16770356847986914,0.014177906308142089,0.015421469399388033,1.3292531967163086
32nn,1000000,sphere_func,0,0,8.070846013730204e-08,0.10741576500416006,0.0055968998611394686,0.006058040559394435,1.7560318064626844e-07,2.8742916365832096,0.017117461091198907,0.019302062873173757,8.095235489688085e-08,0.10774036718509741,0.005613813262085252,0.006076347492065912,14.377526044845581
32nn,10000000,sphere_func,0,0,2.7066321406366e-10,0.053922600067447535,0.002562598686077527,0.002703552330202912,9.68240842036501e-10,1.3691730407957692,0.008191154315621715,0.008423735081800719,2.75130990404838e-10,0.054812688207683244,0.0026048989218934583,0.0027481792558817606,163.67979049682617
32nn,1000,sphere_func,0.0,5.0,0.00012897242222481564,0.23081151265687533,0.06077719886064141,0.05315169400305368,0.00040806947154103067,0.5934245456972225,0.15900568285649322,0.11310555979805689,0.000220455954119255,0.3945321904227166,0.10388806484662852,0.0908535887933668,0.06116127967834473
32nn,10000,sphere_func,0.0,5.0,2.0178854947150437e-05,0.20838961965343689,0.0288699814060747,0.027860288511258584,4.6030435294278776e-05,0.26882807350470594,0.0654954229515429,0.0471540371154223,2.5108024144644804e-05,0.25929378130996034,0.03592216664908098,0.0346658320528853,0.1595172882080078
32nn,100000,sphere_func,0.0,5.0,2.384796775611875e-07,0.12652692393214018,0.012233351479879818,0.011789980918583076,7.853311859743755e-07,0.1993210105360119,0.030669725596246707,0.02429386733794648,3.132426787334206e-07,0.16619291417078672,0.016068487791635076,0.015486121261654762,1.6731846332550049
32nn,1000000,sphere_func,0.0,5.0,6.533492635796279e-10,0.09787239162133632,0.007219432490387053,0.00600262165604869,1.9499061469846086e-09,0.15139291256475076,0.01791382704168765,0.0143912537531822,8.322883780344027e-10,0.12467765499660974,0.009196688651384384,0.007646618004426757,14.163066625595093
32nn,10000000,sphere_func,0.0,5.0,1.446528452575535e-09,0.05273719085189177,0.005871359747654661,0.004497939334224502,3.0602601878911445e-09,0.15522389287103147,0.015461035087433147,0.012934639176913103,1.8522133443034094e-09,0.06752755430633252,0.007518006890530888,0.005759405037546454,160.24664902687073
4nn,1000,rastrigin_func,0,0,0.0005737714303788444,0.38949278385179564,0.10713327651891366,0.0855365834276248,0.0015067896930228647,2.936109657533535,0.2881611216356919,0.4076395593749661,0.0006729571475048433,0.45682294188394856,0.12565300457956366,0.10032297208098637,0.08012223243713379
4nn,10000,rastrigin_func,0,0,7.516219367253996e-05,0.3567820541767972,0.09884214775291658,0.07371623222555204,0.0001703426389603238,4.501032488564113,0.2535569124312999,0.32755798603008485,9.214090667675735e-05,0.4373770954726198,0.12117002799984913,0.09036831074474459,0.16735553741455078
4nn,100000,rastrigin_func,0,0,1.3006377911906064e-06,0.30992696666867786,0.06784605620549956,0.04972756906606681,3.136924425244692e-06,8.269747567184496,0.18200562550633,0.22445549545535132,1.479574497454671e-06,0.35256551751944165,0.07718005365863026,0.05656889528268816,1.2324297428131104
4nn,1000000,rastrigin_func,0,0,3.2820906259445337e-07,0.18624958320915627,0.03625932770705432,0.027071692238455992,6.174961302888125e-07,6.375633316322975,0.09000905023159743,0.09602956337877276,3.305612822865122e-07,0.18758440295422732,0.03651919227014451,0.02726571054824086,14.12766408920288
4nn,10000000,rastrigin_func,0,0,1.0299681552083939e-08,0.11459993466073923,0.0180748107672985,0.01384933995324827,2.364622752141978e-08,6.838861988041408,0.04426144769324656,0.04321160788969813,1.0466032437410555e-08,0.11645084631201538,0.018366738314577167,0.014073021622507838,166.1314582824707
4nn,1000,rastrigin_func,0.0,5.0,0.0005537663359176381,0.38030758611265014,0.10588761167090052,0.08175742030301533,0.001256085910028564,1.6994106020330695,0.23328735387064586,0.24381757146093924,0.000749743988706636,0.5148982667481953,0.1433611889700854,0.11069133392294969,0.06315803527832031
4nn,10000,rastrigin_func,0.0,5.0,2.7641540663703168e-05,0.397468592971018,0.09774632045833845,0.07076782286885996,4.87861162203893e-05,5.424712296600185,0.2638496739129917,0.34825078162270884,2.8272068091691976e-05,0.40653519503497015,0.09997599849198356,0.07238209805998429,0.15347051620483398
4nn,100000,rastrigin_func,0.0,5.0,2.8877186804554533e-06,0.2887965543698055,0.06286888235122812,0.04662953225227382,6.9598064440064365e-06,1.9378495341862494,0.15296987983862204,0.15327787880135071,3.562012046504852e-06,0.3562316553259591,0.07754900704179776,0.05751770653064074,1.532822608947754
4nn,1000000,rastrigin_func,0.0,5.0,2.5758062721648045e-07,0.177665348891587,0.035419711139469345,0.0265213639462347,8.655717693770491e-07,1.7535281866367796,0.08637662017464134,0.0818091869879429,2.767967786843577e-07,0.19091962306502747,0.038062109139504016,0.028499923251074127,16.136414289474487
4nn,10000000,rastrigin_func,0.0,5.0,1.9082435631645467e-08,0.1350004973902994,0.019907303468530455,0.015128167426020115,3.2011310765689694e-08,1.0781771564814988,0.04570763808750299,0.03949188862620305,2.1383444085387568e-08,0.1512791995303617,0.022307776576708217,0.01695236019726001,176.3691782951355
4nn,1000,rosenbrock_func,0,0,0.00013127388643583912,0.26764502694483217,0.06036222104197132,0.05691499054896974,0.007713902255993983,2.5208830000936358,0.4227316217461209,0.44954265828441586,0.00014684321799920036,0.29938823405880394,0.06752129478328762,0.06366521622477907,0.06710219383239746
4nn,10000,rosenbrock_func,0,0,2.5191264952650894e-06,0.2732217973921357,0.026290973992520207,0.02849319674345315,0.00017723015568038794,2.109052521339344,0.19621607747299685,0.20296258063807765,3.153875430260813e-06,0.3420659960610975,0.03291555905131709,0.03567267991808719,0.268115758895874
4nn,100000,rosenbrock_func,0,0,2.240058277272472e-07,0.1675229044896267,0.013875281978439204,0.015731515235117045,7.221323141866099e-06,10.54041111149486,0.1010904198506011,0.15320644940628833,2.3051511790572873e-07,0.17239088139865946,0.014278477902501894,0.016188650652760126,1.520859718322754
4nn,1000000,rosenbrock_func,0,0,4.895140466587566e-09,0.11357913990061919,0.006657289105297372,0.007498343994431296,1.3197253115424404e-07,5.25212031731644,0.05217193441180666,0.05294582632245036,4.98766677314923e-09,0.11572597478496735,0.006783122955588446,0.0076400751827126415,20.588529586791992
4nn,10000000,rosenbrock_func,0,0,5.1459266153797145e-09,0.06587032556891204,0.0035487593373815457,0.003935775470510978,5.512625369897944e-08,116.92275057186097,0.02846899573315655,0.10287806163139987,5.3275016536131826e-09,0.06819457303250394,0.0036739780123701453,0.0040746500862897045,174.68188643455505
4nn,1000,rosenbrock_func,0.0,5.0,0.000248756883776365,0.3647031707123261,0.053547208008818445,0.05259538700407823,0.001478560987390814,7.007359253468704,0.52125134452812,0.7559752935248143,0.00036639474737785934,0.53819964428697,0.08064140306694381,0.07840513413269551,0.06482625007629395
4nn,10000,rosenbrock_func,0.0,5.0,1.3487955770757204e-05,0.25691609101324003,0.029724938485465407,0.0335037990714034,0.000438994306821943,17.12215907912256,0.21547979716585536,0.5495956107943645,1.6079239615069085e-05,0.3062743872073708,0.03543564470215897,0.039940493759046576,0.18944764137268066
4nn,1000000,rosenbrock_func,0.0,5.0,1.6775341213359773e-08,0.11387382675519153,0.006632326321616387,0.007464390535444209,2.395899509849496e-07,2.4874986024020993,0.05207370516350947,0.050146801794369436,1.7189903508115023e-08,0.11668794506919625,0.006796228348078014,0.007648855031871783,14.030552864074707
4nn,100000,rosenbrock_func,0.0,5.0,9.774639653931105e-07,0.17500232153073703,0.013164729106357752,0.015004286999140738,7.860660663675767e-06,2.00274207409095,0.09747173211726946,0.09583035779297333,1.0610804636287012e-06,0.18997277755528638,0.014290897013377307,0.016287818650238872,1.4214258193969727
4nn,10000000,rosenbrock_func,0.0,5.0,2.217575579763209e-09,0.05843656969975686,0.0035524538022586845,0.003932624976700821,3.903623716916754e-08,1.7544958375274877,0.028269420189338652,0.02607914264460586,2.341729180827381e-09,0.061708210417786846,0.0037513421450910064,0.004152797653992139,182.6404640674591
4nn,1000,sphere_func,0,0,0.0017879340164625944,0.2800269541170862,0.05219895703195558,0.04820704105817562,0.0044273707649752055,2.057535984876146,0.1589120498060922,0.23659110891330468,0.0018345144091405803,0.2885950948473487,0.053788660861021055,0.049684390664792535,0.06777286529541016
4nn,100000,sphere_func,0,0,1.863586203187939e-06,0.11424214630340201,0.01234696057604665,0.010564253757135123,6.626743281138829e-06,1.532209267271243,0.0398885344611146,0.03986177082168201,1.986925898133603e-06,0.12180315499239933,0.013164132514940943,0.011263438926838927,1.087026596069336
4nn,10000,sphere_func,0,0,1.9202832513443013e-05,0.16315154264228848,0.025139218374672125,0.022598442132196108,4.0140701703342986e-05,0.822479091776483,0.07955989184622504,0.0757055877235978,2.072784422507815e-05,0.17610838185476668,0.027135673971308193,0.02439311950034907,0.11487913131713867
4nn,1000000,sphere_func,0,0,1.6602480779059903e-09,0.05636389885977988,0.00654541375133748,0.005502899557694181,8.423683791519278e-09,4.650942062028631,0.02154650875559876,0.02367428628193966,1.7108624005719217e-09,0.05808220867236945,0.006744957234025961,0.005670660952824141,9.368876695632935
4nn,10000000,sphere_func,0,0,6.357017717784075e-09,0.042179565410696784,0.0035488050153429556,0.002940741936989605,1.7814358377237967e-08,1.6038612792050384,0.011837089664645082,0.010632404120476332,6.375454701806316e-09,0.04230189698315199,0.0035590974613090723,0.002949270843862734,105.47465777397156
4nn,1000,sphere_func,0.0,5.0,0.0010564772876857642,0.20256906209133518,0.057952730192507004,0.044721031075003026,0.0018544647335722512,0.5705596306397264,0.16613601864638253,0.12409702120295665,0.0013902343450631492,0.2665636740601353,0.07626086887327889,0.05884907709023847,0.05933642387390137
4nn,10000,sphere_func,0.0,5.0,1.979415587366473e-05,0.1576404524209866,0.03016781534773951,0.0240325446522909,4.968452193444512e-05,0.4688394537765446,0.08106782459948268,0.06847820607367507,2.2060215882407998e-05,0.1756873308668951,0.0336214650182272,0.02678382077098352,0.21308398246765137
4nn,100000,sphere_func,0.0,5.0,7.602441137233296e-06,0.10773306787405945,0.019594925980711855,0.015016377866129926,2.045402487734373e-05,0.43320117204012576,0.05561054437479361,0.047022940099438436,9.661156380641807e-06,0.13690681681178618,0.024901165395363044,0.019082761999297232,0.6729636192321777
4nn,1000000,sphere_func,0.0,5.0,2.7633304366947442e-08,0.11617557702250805,0.016890586918962697,0.01277281522753683,6.857836273687573e-08,0.4172709364885794,0.0451008285487922,0.038670272150829146,3.439356944411527e-08,0.14459699509600066,0.021022732802236405,0.015897581472398812,8.906217336654663
4nn,10000000,sphere_func,0.0,5.0,5.1756148256032475e-09,0.09247039507882249,0.015181903240538214,0.011475419388907362,1.4458833080292507e-08,0.49918268707611724,0.04035712086434336,0.03436641766566564,6.771370847673104e-09,0.12098105415651203,0.019862818327712806,0.015013543884771826,96.82439589500427
8nn,1000,rastrigin_func,0,0,0.00020460675188344046,0.43965165639693027,0.10564559268207399,0.0793901551973522,0.0004345121578780809,5.83656975757149,0.2912708663615761,0.5140507027585912,0.00020254482117506694,0.4352210535797342,0.10458094603796139,0.0785900985157564,0.06695842742919922
8nn,10000,rastrigin_func,0,0,0.00013124634183209194,0.32359112824470276,0.08814116657648696,0.06438699583091292,0.00028809449338446097,7.628037344206001,0.2594602852514864,0.4109002387223081,0.00014897380702418419,0.36729863568720855,0.10004640858676761,0.0730837580528738,0.1966543197631836
8nn,100000,rastrigin_func,0,0,3.431235990891679e-07,0.30423248247051904,0.07124773180269073,0.052274345577124945,5.641956573302807e-07,7.028012141197756,0.1776192407007044,0.2092526690179381,3.649495547432028e-07,0.3235845896661332,0.07577977168250086,0.05559949590615702,1.404219150543213
8nn,1000000,rastrigin_func,0,0,1.4066806813817223e-07,0.17775446593943753,0.037359611547435334,0.02748650121005891,4.5029339829262324e-07,4.141314862748991,0.09627269666913371,0.10720233432627876,1.4755025094092798e-07,0.186451100113725,0.03918742989677699,0.028831277806763013,14.897765398025513
8nn,10000000,rastrigin_func,0,0,4.295271915921717e-09,0.10515321680963649,0.016978995048457988,0.012741163857500088,1.1664048328708244e-08,4.915336524371471,0.04183544623458779,0.04213221289285828,4.367734561778135e-09,0.1069271860622221,0.017265436263188466,0.012956111470241973,167.7041630744934
8nn,1000,rastrigin_func,0.0,5.0,0.00034687316134518476,0.30950748496921127,0.10630618883580334,0.07664761875738925,0.000947807353276986,32.63950204917229,0.4843398360643193,2.6609972493455856,0.00035417218950196136,0.31602025130363304,0.10854312138643094,0.07826046515141549,0.06446623802185059
8nn,10000,rastrigin_func,0.0,5.0,0.000128493304925259,0.35572182790648504,0.08805543568139595,0.06569744828557243,0.00028242241697961306,4.41115096270581,0.22303309558268586,0.2759452733361694,0.0001522092390624687,0.4213771976294848,0.10430777594346644,0.07782318789067998,0.20815205574035645
8nn,100000,rastrigin_func,0.0,5.0,3.365647541442307e-06,0.26937009451021826,0.06757268631195927,0.04975677312296222,7.547216608745359e-06,4.035305448070977,0.1689285828703622,0.18120111923708368,3.7987519748630686e-06,0.3040336713484956,0.07626819873846793,0.05615966551348002,1.316162347793579
8nn,1000000,rastrigin_func,0.0,5.0,2.589755106474634e-07,0.18254966418684873,0.03619265379757896,0.026762607994976213,5.811423419726153e-07,2.491311666942203,0.08454057222580381,0.08122784108523008,2.79995759244379e-07,0.19736666102526626,0.03913030059786982,0.02893484687482149,14.093809604644775
8nn,10000000,rastrigin_func,0.0,5.0,2.7954775771998897e-08,0.10903104765182767,0.01723675383589457,0.012974321340995191,6.452090841314921e-08,0.7193620643975905,0.039520371563964804,0.03469403486951307,3.183014975586876e-08,0.12414603512123905,0.01962628712805228,0.014772953095130884,138.39372038841248
8nn,1000,rosenbrock_func,0,0,0.00018868622165848885,0.30040957848385036,0.050623548648010594,0.052360355844333364,0.0020657515205054215,16.856775272451305,0.7569135774041487,1.8129586564867537,0.0002902163640170675,0.48952627161056894,0.08287995391367788,0.08571820223924856,0.07253885269165039
8nn,10000,rosenbrock_func,0,0,1.2364545082479972e-05,0.29354090463422106,0.028714940842840105,0.03248892129597613,0.00021584494928253726,7.0032543987820315,0.20905967933607167,0.29401995630274985,1.3308030770082912e-05,0.3159397588096841,0.0309060554794775,0.034968012281041586,0.18359375
8nn,100000,rosenbrock_func,0,0,3.395433073594134e-08,0.18387112812440343,0.012784280926216907,0.015580366923147324,2.3069788425748295e-07,12.791721068787583,0.09762280776551233,0.19818791218370396,3.668350508932993e-08,0.19865028460692444,0.01381185328220547,0.01683268251592759,1.899073839187622
8nn,1000000,rosenbrock_func,0,0,7.445150294882463e-08,0.11247379250142386,0.006060144660173591,0.0073030549648671565,6.71003103449678e-07,16.50684504884878,0.04632247374841663,0.06895736254283817,7.996187982552328e-08,0.12079831196559723,0.006508673966933498,0.00784357575509653,17.766013145446777
8nn,10000000,rosenbrock_func,0,0,9.256234390075946e-10,0.06642004324921091,0.0030677193053260483,0.0036159721032867466,1.147682790853356e-08,8.55200145276948,0.024256810199285994,0.025077570056138733,9.55187628853302e-10,0.06854148344338439,0.0031657015215426536,0.003731465381906579,172.44396090507507
8nn,1000,rosenbrock_func,0.0,5.0,0.0010556036499156265,0.34482047228776763,0.06955374943205947,0.06274533242172095,0.01199421501855771,26.046154743764582,0.6854603163664204,2.205594085542131,0.0011664530592840402,0.3738071360932694,0.0763331843513663,0.06841452086518307,0.09300041198730469
8nn,10000,rosenbrock_func,0.0,5.0,2.742732840579909e-06,0.2577555325640592,0.031148711081097062,0.03685955809168306,3.069940542009586e-05,35.52346831240952,0.24355166671115075,0.9819132068370664,2.8509113585308665e-06,0.2679218933170607,0.03237727456018647,0.03831336806824731,0.18508100509643555
8nn,100000,rosenbrock_func,0.0,5.0,2.884234980293776e-07,0.17463965887988553,0.012234093526728721,0.014744751286497142,2.0195853093979633e-05,554.8085645200697,0.13417861205052373,4.535306653632026,3.323228485281199e-07,0.20122059853469826,0.01409617745343276,0.016988968589058216,1.2940266132354736
8nn,1000000,rosenbrock_func,0.0,5.0,2.8118068836832655e-08,0.10286150158464824,0.006104217086850406,0.0074021555874730725,1.3886614448906052e-06,2.9938125722847526,0.04607376827769073,0.04806582122355862,2.9719737948356825e-08,0.10872072651254638,0.0064519271666137554,0.007823799194363365,17.58660864830017
8nn,10000000,rosenbrock_func,0.0,5.0,1.1872983707306162e-09,0.06738971868331811,0.0030683721996607777,0.003624632423737046,2.6220258501191486e-09,1.652892879520072,0.024177521914666482,0.02276889488412645,1.2032351768866174e-09,0.06829427385667576,0.003109558184722277,0.0036732849492924413,158.95699834823608
8nn,1000,sphere_func,0,0,0.00011414706915749417,0.30804721588761735,0.05636593225220503,0.04993137318477042,0.0005345800398602424,0.7479572112840358,0.1604377377949713,0.13191362488075792,0.00013464362330018145,0.3633610008629725,0.06648715035037912,0.05889718458452091,0.05954337120056152
8nn,10000,sphere_func,0,0,1.4444508212807516e-05,0.18588502230965154,0.02430566600300699,0.02440476579247488,4.1289466040622405e-05,1.5193830120081562,0.07575312854522274,0.08755173447933076,1.6052890989490454e-05,0.2065831495093769,0.02701207967933985,0.027122214139715516,0.1050722599029541
8nn,100000,sphere_func,0,0,3.5957088351246114e-07,0.1333508639389498,0.011421416960804995,0.01058967562300787,1.3263602669210935e-06,1.15738154710797,0.03594738732355918,0.03388515910917755,3.6517891893106786e-07,0.1354306662877001,0.011599550713519289,0.010754837149395268,0.851970911026001
8nn,1000000,sphere_func,0,0,1.1612007411176961e-08,0.05893204971006161,0.005638227908897594,0.004993279254958128,4.460097765261266e-08,3.5881297316193494,0.018644996683584488,0.01947404732005634,1.2129024290614404e-08,0.06155595988864286,0.005889266243252212,0.005215601680973228,9.037944793701172
8nn,10000000,sphere_func,0,0,5.4988069653205685e-11,0.0452391061068409,0.003029932298390005,0.002609918992784837,1.5330246117326417e-10,20.419625744767924,0.01001940923590172,0.01933374104579491,5.500104740944734e-11,0.045249783006309226,0.0030306473939197285,0.002610534960806855,109.50807690620422
8nn,1000,sphere_func,0.0,5.0,0.00019215942297556854,0.23205796853761257,0.04511246905653782,0.04513766389094389,0.00039641523490244353,0.45566184626166095,0.11614328276957239,0.09435642176378914,0.00025688163388050764,0.3102186153031509,0.06030703350467838,0.06034071434180498,0.05133199691772461
8nn,10000,sphere_func,0.0,5.0,6.151352986205616e-05,0.15703743291450642,0.0264778384376892,0.02316206941982573,0.0001580058634922323,0.3411786059969505,0.06208910204901992,0.04764849348944932,7.553514168932852e-05,0.1928331014709415,0.032513290693982455,0.028441713544450443,0.1185605525970459
8nn,100000,sphere_func,0.0,5.0,3.3397822658542964e-06,0.09061985326144129,0.015804039319146316,0.012488891796151123,5.930257137893491e-06,0.3722500004258055,0.04216104958073836,0.034962425046350394,4.033423609797501e-06,0.1094407439065754,0.01908638954453138,0.01508271708183262,1.1970155239105225
8nn,1000000,sphere_func,0.0,5.0,4.678236964483773e-09,0.0760404181482216,0.011978883371055777,0.009128734712950814,1.713635827400854e-08,0.33666719028883874,0.031953820253325764,0.026920254116250215,6.10987747128252e-09,0.09931041143872203,0.015644677727010083,0.011922322658601691,10.279690742492676
8nn,10000000,sphere_func,0.0,5.0,2.3448463948305687e-08,0.07046923897243575,0.011017702269193975,0.008332236701954559,5.647369237197853e-08,0.3365002645851508,0.029511383752118002,0.02520278180512161,3.023091927969683e-08,0.0908524276802918,0.014204566605387495,0.01074233159627996,127.25260591506958
fnn,100000,rastrigin_func,0,0,0.000794341236584728,44.747216165227535,11.6312703140312,8.42195503945479,1.1108791523400008e-05,3.2026148186180157,0.17269340928844995,0.1719751037812511,5.567542896908121e-06,0.3136335293233277,0.08152364932900644,0.05902953768282006,432.4712464809418
fnn,1000000,rastrigin_func,0,0,4.217918119309161e-05,44.99667648325362,11.136972576640774,8.080097123257458,3.8177732562608547e-07,6.638441466499332,0.17332181043910805,0.19155534160911578,2.8873446803331267e-07,0.308021423843743,0.0762373228085481,0.05531170777974602,2443.023957967758
fnn,1000,rastrigin_func,0,0,0.05874190265630119,46.82730196430288,13.879580351927384,10.038368771184748,0.0009964197675234802,1.6699774716405638,0.2255246045905283,0.2315332181439929,0.0005870459635177575,0.4679756248518852,0.13870765590609152,0.10031993519015817,4.224609136581421
fnn,10000,rastrigin_func,0,0,0.015629092330584626,42.193178709553536,11.867956176553657,8.859114815778414,0.00024226587853594714,2.2152981762582757,0.1756840898364265,0.1706911567230143,0.00012139351272232406,0.3277207702235057,0.09218020206375986,0.06881007830462396,26.965744733810425
fnn,1000000,rastrigin_func,0.0,5.0,0.00017384075637494334,43.04349106248642,11.161180552787595,8.107244954357695,2.1716599984801443e-06,7.002153001488937,0.17348390262755078,0.19014413816302114,1.1305226824410193e-06,0.27992079643644535,0.07258348410847494,0.05272310420255365,2589.0682508945465
fnn,10000,rastrigin_func,0.0,5.0,0.019903815936046954,39.29855700473863,11.726449533692898,8.384527420547128,0.0002715679096757174,1.1950781991433215,0.17840624202542618,0.16763123353352638,0.00016962336174579766,0.3349083096588633,0.09993459533782632,0.07145422426999627,31.410385608673096
fnn,100000,rastrigin_func,0.0,5.0,0.0003297291170696326,42.76238861401044,11.573617222527927,8.440332758107875,6.433253047632072e-06,4.442850584774754,0.18625243722453602,0.21287469756780547,2.4540201439255356e-06,0.3182605285022259,0.0861370389566448,0.06281746299480481,431.69843649864197
fnn,1000,rastrigin_func,0.0,5.0,0.45733290811416794,42.901780923035005,13.701275429543305,10.268085705772434,0.007186735606816269,3.137754040265058,0.22122675312034185,0.3127948411053536,0.004093167648834461,0.38397451536051014,0.12262755717105975,0.09190022296806867,4.2871949672698975
fnn,1000,rosenbrock_func,0,0,189.20227961745695,53754.57381713041,10579.854507737762,9727.924683256946,0.0026996730113108785,36.75057322543093,1.5202010566613218,5.064949346249045,0.001249720752648424,0.35506023809472753,0.06988215874065466,0.06425498350996273,4.335320234298706
fnn,10000,rosenbrock_func,0,0,18.24252136106952,49561.33538634456,8127.086153485054,7224.416971307937,0.0002534520925572195,236.6049927865128,1.1157926738802915,7.41302913843595,9.37122787283529e-05,0.25459779292275436,0.04174904048571043,0.037112006803502524,30.215429544448853
fnn,1000000,rosenbrock_func,0,0,0.0019057533572777174,5019.7347568453115,480.3247951474451,414.9652328587284,1.6527926303446191e-07,131.5100155555237,0.05747129997232854,0.8169439621819794,7.3999429754983446e-09,0.01949137374515419,0.0018650766534061285,0.0016112888104027091,2369.513835668564
fnn,100000,rosenbrock_func,0,0,0.17301509810204152,4498.760032020873,931.3020489212283,713.9790517598401,1.8884717081421542e-06,20.763734235526353,0.08526400712863026,0.41070500820561584,8.153471576045258e-07,0.02120075788235375,0.004388833615037175,0.003364682023867205,433.6096467971802
fnn,1000,rosenbrock_func,0.0,5.0,99.98836714704157,37484.13669101032,9093.224322693453,7684.380523998307,0.0026110575817820916,14.240189568838492,0.675348450110893,1.7382782466698825,0.000743629856217686,0.27877566134256876,0.06762779799869721,0.057149996016830865,5.214105844497681
fnn,100000,rosenbrock_func,0.0,5.0,0.03838103030648199,5344.546241480159,1514.007434653264,963.9667649870769,2.5800116552891066e-06,56.667921043113054,0.14557111231165407,0.7881072895704132,1.6630377404801237e-07,0.02315774754963162,0.006560145684183588,0.004176837093587091,429.56665229797363
fnn,1000000,rosenbrock_func,0.0,5.0,0.016423220382421277,5136.353098592808,670.8571404512724,515.767105129702,1.7342928197409334e-07,136.81495798682732,0.08692178974144857,0.8172349017916056,6.172106146035502e-08,0.019303227862646096,0.002521187308746721,0.0019383344102849131,2586.053649187088
fnn,10000,rosenbrock_func,0.0,5.0,8.398351951065706,42616.078663325075,7491.391305263385,5970.998018052699,8.664385818049482e-05,41.38290778802361,0.5075256158741367,1.7429007336103095,4.283401190766734e-05,0.217354265641525,0.03820825160035459,0.030453808282406243,30.055283069610596
fnn,10000,sphere_func,0,0,0.0025796939560365217,9.353377046159252,1.3737859496025515,0.9838138771740839,7.579468809027748e-05,0.9332376769790882,0.05196925327656633,0.06556702998938115,2.7117810179026404e-05,0.09832294357130257,0.014441273749066421,0.010341877147973246,25.43197464942932
fnn,1000,sphere_func,0,0,0.048014698831671865,9.985311070152548,3.7616898858769963,2.4137703958186094,0.000976729885682003,1.2442847181509833,0.14658302087498498,0.17135513590542104,0.0006829117992399558,0.1420208168501613,0.05350241635697779,0.03433099288489756,4.147174596786499
fnn,1000000,sphere_func,0,0,1.27863015109142e-06,0.49306750200338456,0.0797295344958763,0.05957642615236621,1.7781128018369567e-08,0.7597988691808035,0.003066294169869233,0.006156687815445606,1.311494136328536e-08,0.005057405670745542,0.0008177878246832403,0.0006110768895567196,2488.906292438507
fnn,100000,sphere_func,0,0,2.674166097449415e-07,1.2881335943737184,0.2987284259855589,0.21513663134598343,5.098820910967959e-09,1.011942372594321,0.01046969270919817,0.013490791212579002,2.707561335766729e-09,0.013042199281319989,0.003024589747302532,0.0021782327787905997,431.0814845561981
fnn,1000,sphere_func,0.0,5.0,0.010173592212062488,15.36573219550628,3.8473614682097343,2.5621581288409137,0.00029599780468029044,0.6454980777141739,0.14496867255522616,0.12611633421297921,0.00013623134090251445,0.20575763774577177,0.05151879501612361,0.034309045440451484,6.4871299266815186
fnn,10000,sphere_func,0.0,5.0,0.003209347252678185,9.541417134331567,1.7052738932092506,1.1812131431649548,7.543503907794724e-05,1.4230621867933138,0.063591845722209,0.07170653509811385,3.846377860387537e-05,0.11435314639632518,0.02043757571968369,0.014156748162658364,30.8813579082489
fnn,1000000,sphere_func,0.0,5.0,7.1378441219849265e-06,5.576267030812716,1.2148332199922378,0.771638843003924,1.1852516395580199e-07,3.9133727806359095,0.039103498141961776,0.03160013408950366,7.252070382609703e-08,0.05665503517388978,0.012342740838764828,0.007839873081823226,2720.7939596176147
fnn,100000,sphere_func,0.0,5.0,0.0005077397875794532,7.273840245601278,2.438022634258857,1.087362099383123,7.794489495378147e-06,3.3074950209990774,0.08504415570268202,0.06186914593834923,5.327695160980358e-06,0.07632414166906294,0.025582083005202587,0.011409651039432032,440.58457350730896
